id,Moitf_name,Cluster,myc_myb_down_count,myc_myb_down_freq,myc_myb_down_freq_norm,myc_down_myb_not_count,myc_down_myb_not_freq,myc_down_myb_not_freq_norm,myb_down_myc_not_count,myb_down_myc_not_freq,myb_down_myc_not_freq_norm,log2_myc_myb_down_freq_norm,log2_myc_down_myb_not_freq_norm,log2_myb_down_myc_not_freq_norm
MA1036.1,MYB111,18,52,0.002694161,3.0711757,38,0.000849466,0.968338041,187,0.000803006,0.915376731,1.61879105,-0.046417323,-0.127562476
MA1038.1,MYB3,18,44,0.002279675,2.529141493,46,0.001028301,1.140828492,183,0.000785829,0.871823322,1.338647751,0.190081918,-0.197892297
MA0985.1,DRE1C,13,25,0.00129527,2.514180032,32,0.00071534,1.388508107,248,0.001064949,2.067116663,1.33008796,0.473535601,1.047619813
MA0930.1,ABF3,8,51,0.00264235,2.43191993,75,0.001676577,1.543058661,247,0.001060655,0.976186937,1.282095729,0.625792909,-0.034770649
MA1040.1,MYB46,18,66,0.003419512,2.350568022,61,0.001363616,0.937347878,315,0.001352657,0.92981465,1.233009431,-0.09334352,-0.104984938
MA1039.1,MYB4,18,66,0.003419512,2.331703625,64,0.001430679,0.975554336,362,0.001554482,1.0599733,1.221384424,-0.035705865,0.084027925
MA1207.1,GT-A3,6,70,0.003626755,2.26106729,115,0.002570752,1.602711544,518,0.002224369,1.386762694,1.177003928,0.680514793,0.471720932
MA0569.1,MYC4,8,69,0.003574944,2.199199961,111,0.002481334,1.526443327,514,0.002207193,1.357799643,1.136978786,0.610174027,0.441270611
MA0566.1,MYC2,8,57,0.002953215,2.197423504,85,0.001900121,1.413838855,531,0.002280193,1.696642625,1.135812944,0.499617696,0.762682713
MA0958.1,BHLH13,8,67,0.003471323,2.102412934,112,0.002503688,1.516363482,492,0.002112721,1.279573575,1.072046056,0.600615618,0.355663104
MA0568.1,MYC3,8,69,0.003574944,2.020416914,105,0.002347208,1.326548953,531,0.002280193,1.288674897,1.014653025,0.407677916,0.365888351
MA1074.1,UNE10,8,65,0.003367701,2.006836295,101,0.00225779,1.345432894,511,0.00219431,1.30760458,1.004922936,0.428070436,0.386926335
MA1361.1,bHLH18,6,72,0.003730377,1.99183806,103,0.002302499,1.229421581,609,0.002615137,1.396354747,0.994100358,0.297979715,0.481665508
MA0966.1,BIM3,8,76,0.00393762,1.958030719,114,0.002548397,1.267222389,622,0.002670961,1.328168685,0.969403399,0.34166973,0.409438389
MA1332.1,BEH2,8,54,0.002797782,1.874943451,93,0.002078956,1.393219165,441,0.00189372,1.269082765,0.906847084,0.478422224,0.34378616
MA1364.1,PIF7,6,84,0.004352106,1.865814414,134,0.002995484,1.284209959,709,0.003044552,1.305245894,0.899805494,0.360881092,0.38432162
MA0965.1,BIM2,8,76,0.00393762,1.821986063,122,0.002727232,1.261924483,630,0.002705314,1.251782715,0.865511924,0.335625578,0.32398416
MA0931.1,ABI5,8,75,0.003885809,1.793823441,110,0.00245898,1.135149845,746,0.003203435,1.478816208,0.843037898,0.182882752,0.564442761
MA0956.1,BEE2,8,74,0.003833998,1.792190599,120,0.002682523,1.253937235,614,0.002636608,1.232474065,0.841724076,0.326465137,0.301557288
MA1359.1,bHLH31,6,82,0.004248485,1.76299449,135,0.003017839,1.252313172,762,0.003272142,1.357841309,0.818027966,0.324595389,0.441314882
MA0967.1,BZIP60,19,31,0.001606134,1.758276811,44,0.000983592,1.076763458,319,0.001369834,1.499592227,0.814162216,0.106701355,0.584570253
MA0550.2,BZR1,6,63,0.00326408,1.748152559,99,0.002213082,1.185266617,574,0.002464842,1.320102386,0.805831092,0.245211619,0.400649828
UN0358.1,ATMYB13,18,87,0.004507538,1.725733775,145,0.003241382,1.240979553,643,0.002761138,1.057115552,0.78720992,0.311479345,0.080133085
MA1333.1,BEH3,8,67,0.003471323,1.709371973,117,0.00261546,1.287922455,631,0.002709608,1.334283386,0.773466373,0.365045732,0.41606511
UN0366.1,MYB107,18,93,0.004818403,1.695750391,110,0.00245898,0.865393721,662,0.002842727,1.000446593,0.761923825,-0.208571442,0.000644154
MA1363.1,bHLH69,6,67,0.003471323,1.691909275,118,0.002637815,1.285660654,648,0.002782609,1.356232718,0.758652209,0.362509898,0.439604754
MA1331.1,BEH4,8,59,0.003056836,1.691877525,106,0.002369562,1.311489604,511,0.00219431,1.214492264,0.758625136,0.391206372,0.2803533
MA1061.1,SPT,8,63,0.00326408,1.679468155,109,0.002436625,1.253717821,620,0.002662373,1.369871582,0.74800444,0.326212672,0.454040655
MA0957.1,BHLH3,8,49,0.002538729,1.65860155,99,0.002213082,1.445850064,409,0.001756307,1.147430098,0.729967346,0.531917951,0.198406267
MA1360.1,bHLH74,6,71,0.003678566,1.648646734,124,0.002771941,1.242318694,709,0.003044552,1.364496531,0.721282296,0.313035318,0.448368727
MA0941.1,ABF2,6,65,0.003367701,1.647788891,105,0.002347208,1.148469829,683,0.002932904,1.435046126,0.720531421,0.199712957,0.52109711
MA1012.1,AGL27,23,65,0.003367701,1.639126775,105,0.002347208,1.142432539,457,0.001962426,0.955151651,0.712927441,0.192108976,-0.066198284
MA0963.1,BHLH78,8,34,0.001761567,1.630053232,66,0.001475388,1.365239619,216,0.000927536,0.858289035,0.704919079,0.449154187,-0.220464527
MA1394.1,MYB73,10,22,0.001139837,1.629102468,20,0.000447087,0.638995491,181,0.000777241,1.110864884,0.70407735,-0.646122344,0.15168335
MA0570.2,ABF1,6,67,0.003471323,1.614305969,113,0.002526043,1.174712447,692,0.002971551,1.38189195,0.690914047,0.232307649,0.466644816
UN0355.1,AT3G49930,18,21,0.001088027,1.613876367,35,0.000782403,1.160542606,127,0.000545357,0.808931283,0.690530063,0.214799488,-0.305910941
MA0552.1,PIF1,6,69,0.003574944,1.609232692,117,0.00261546,1.177328603,704,0.003023081,1.360815847,0.686372952,0.235517046,0.444471847
MA1362.1,bHLH77,6,53,0.002745972,1.605262474,102,0.002280145,1.332945623,475,0.002039721,1.19239662,0.682809209,0.414617927,0.253864191
MA0960.1,BHLH104,8,62,0.003212269,1.592232253,107,0.002391917,1.18560653,615,0.002640902,1.30902152,0.671050792,0.245625299,0.388488815
MA0574.1,MYB15,18,40,0.002072431,1.57304023,48,0.001073009,0.81444761,303,0.001301127,0.987596199,0.653555568,-0.296106196,-0.018006811
MA0962.1,BHLH34,8,55,0.002849593,1.565480634,98,0.002190727,1.203519588,535,0.00229737,1.26210572,0.646605662,0.267259623,0.335832762
MA1169.1,MYB105,10,24,0.001243459,1.554379137,37,0.000827111,1.033926147,172,0.000738594,0.923275065,0.636338442,0.048133138,-0.115167571
MA0959.1,AIB,8,32,0.001657945,1.541931213,73,0.001631868,1.51767912,236,0.001013419,0.942505661,0.624738407,0.601866797,-0.085426811
MA0936.1,T11I18.17,2,27,0.001398891,1.538777941,55,0.00122949,1.352436723,280,0.001202362,1.322595869,0.621785053,0.435561096,0.403372301
MA1025.1,HBI1,8,57,0.002953215,1.524020263,110,0.00245898,1.268967934,582,0.002499195,1.289721124,0.607882085,0.343655614,0.367059146
MA0951.1,ATHB-16,14,17,0.000880783,1.520352323,29,0.000648276,1.11901368,158,0.000678476,1.171141446,0.604405689,0.162227673,0.22791533
MA1394.2,MYB73,10,30,0.001554324,1.518566436,44,0.000983592,0.960964393,257,0.001103596,1.078208145,0.602710027,-0.05744512,0.108635713
MA0549.1,BZR2,8,58,0.003005026,1.514298998,106,0.002369562,1.19407494,610,0.002619431,1.319989326,0.598650093,0.255893383,0.400526263
MA1177.1,MYB65,10,29,0.001502513,1.50797368,36,0.000804757,0.807681883,219,0.000940419,0.943836615,0.592611248,-0.308140916,-0.083390955
UN0368.1,MYB99,18,27,0.001398891,1.490030009,32,0.00071534,0.761944444,250,0.001073537,1.143479024,0.575341387,-0.392242285,0.193429901
MA1186.1,At1g49010,24,35,0.001813378,1.475713391,54,0.001207136,0.982358056,314,0.001348363,1.097287836,0.561412552,-0.025679132,0.133942017
MA1041.1,MYB55,18,34,0.001761567,1.468458815,63,0.001408325,1.173992926,263,0.001129361,0.941446282,0.554302804,0.231423715,-0.087049316
MA0580.1,DYT1,6,39,0.002020621,1.449623372,67,0.001497742,1.074502562,357,0.001533011,1.099805113,0.535678121,0.103668923,0.137247899
MA1395.1,MYB77,10,25,0.00129527,1.448394209,34,0.000760048,0.849899875,228,0.000979066,1.094809509,0.534454314,-0.234635205,0.13067987
MA0954.1,ATHB-7,14,33,0.001709756,1.444695352,57,0.001274199,1.076661711,257,0.001103596,0.932507647,0.530765299,0.106565024,-0.100812539
MA1659.1,ABF4,6,63,0.00326408,1.444381404,106,0.002369562,1.048550331,757,0.003250671,1.438447982,0.530451751,0.068396113,0.52451305
MA1393.1,MYB70,10,30,0.001554324,1.43969488,35,0.000782403,0.724701778,232,0.000996243,0.922771416,0.525763088,-0.464540661,-0.115954779
MA1385.1,AT2G40260,16,34,0.001761567,1.437812305,63,0.001408325,1.149491874,269,0.001155126,0.942828065,0.523875356,0.200996267,-0.084933391
MA1341.1,bZIP53,6,41,0.002124242,1.431551506,75,0.001676577,1.129864757,434,0.001863661,1.255942607,0.517579578,0.176150095,0.328770539
MA0561.1,PIF4,8,55,0.002849593,1.430908562,108,0.002414271,1.212313735,528,0.002267311,1.138518412,0.516931484,0.277763103,0.187157623
MA0560.1,PIF3,8,61,0.003160458,1.429424105,117,0.00261546,1.182930435,654,0.002808374,1.270182011,0.515434022,0.242365235,0.345035243
MA1377.1,PLT1,32,29,0.001502513,1.422248363,52,0.001162427,1.100329776,263,0.001129361,1.069030598,0.50817342,0.137935974,0.096303147
MA0551.1,HY5,6,62,0.003212269,1.418450367,120,0.002682523,1.184529218,716,0.003074611,1.357664366,0.50431567,0.244313785,0.441126869
MA0964.1,BIM1,8,54,0.002797782,1.415577527,119,0.002660169,1.345950036,585,0.002512077,1.271020948,0.501390764,0.428624856,0.345987808
MA1037.1,MYB24,18,26,0.00134708,1.408595892,54,0.001207136,1.262260252,258,0.00110789,1.158483142,0.49425778,0.336009395,0.212237051
MA0950.1,ATHB-12,14,23,0.001191648,1.407227483,38,0.000849466,1.003141381,197,0.000845947,0.99898655,0.492855564,0.004524951,-0.001462841
MA1334.1,GBF6,6,41,0.002124242,1.40268646,76,0.001698931,1.121843866,452,0.001940955,1.28165792,0.488192562,0.165871901,0.358011252
MA0583.1,RAV1(var.2),39,32,0.001657945,1.4026183,54,0.001207136,1.021234222,226,0.000970478,0.821022208,0.488122456,0.030313789,-0.284506849
MA1320.1,SPL15,21,18,0.000932594,1.394468446,42,0.000938883,1.403872135,203,0.000871712,1.303434365,0.479715289,0.489411541,0.382317937
MA1174.1,MYB56,10,15,0.000777162,1.385682079,24,0.000536505,0.956589612,133,0.000571122,1.018312149,0.470596294,-0.06402797,0.026179867
MA1391.1,MYB33,10,20,0.001036216,1.383039159,31,0.000692985,0.924928693,194,0.000833065,1.111893404,0.467842005,-0.112585949,0.153018485
UN0372.1,NAC031,17,39,0.002020621,1.3796016,83,0.001855412,1.266803493,383,0.001644659,1.122909611,0.464251707,0.34119275,0.167241802
MA1340.1,bZIP3,6,50,0.002590539,1.372193176,86,0.001922475,1.018323531,555,0.002383253,1.262394741,0.456483597,0.026195992,0.3361631
MA1193.1,At2g38090,24,37,0.001916999,1.366117116,84,0.001877766,1.338158545,327,0.001404187,1.000670055,0.45008117,0.420249057,0.000966361
MA0968.1,bZIP68,8,55,0.002849593,1.363411152,95,0.002123664,1.01608452,635,0.002726785,1.304652409,0.447220689,0.023020413,0.383665489
MA0550.1,BZR1,6,50,0.002590539,1.357882375,84,0.001877766,0.984268328,560,0.002404724,1.26048336,0.441358513,-0.022876423,0.333977073
MA0586.1,SPL14,21,21,0.001088027,1.35326622,35,0.000782403,0.973137185,236,0.001013419,1.260471099,0.43644568,-0.039284896,0.333963039
MA0575.1,F3A4.140,10,24,0.001243459,1.35080428,41,0.000916529,0.995650968,215,0.000923242,1.00294378,0.433818656,-0.00628801,0.004240738
MA1171.1,MYB52,10,23,0.001191648,1.34288579,34,0.000760048,0.856509603,188,0.0008073,0.909758316,0.425336611,-0.223458673,-0.136444761
MA1194.1,AT3G10580,24,28,0.001450702,1.341042552,51,0.001140072,1.053893633,258,0.00110789,1.024144356,0.423355015,0.075729267,0.034419082
MA0548.1,AGL15,23,69,0.003574944,1.33999758,123,0.002749586,1.030628415,546,0.002344605,0.878829262,0.422230395,0.043524274,-0.186345188
MA1668.1,DPBF3,6,56,0.002901404,1.33619947,96,0.002146019,0.988317712,681,0.002924316,1.34675105,0.418135392,-0.016953199,0.42948319
MA1292.1,MYB27,18,21,0.001088027,1.33566244,29,0.000648276,0.795824846,185,0.000794418,0.975227838,0.417555444,-0.329477154,-0.036188786
MA0562.1,PIF5,8,49,0.002538729,1.331512719,101,0.00225779,1.184166281,484,0.002078368,1.090062862,0.41306621,0.243871679,0.124411335
MA0558.1,FLC,23,63,0.00326408,1.32695896,111,0.002481334,1.0087464,511,0.00219431,0.892061477,0.408123752,0.012563525,-0.164784957
MA1672.1,GBF2,6,57,0.002953215,1.323091882,118,0.002637815,1.181787069,701,0.003010199,1.348621596,0.403913253,0.240970118,0.431485605
MA0559.1,PI,23,125,0.006476348,1.316403979,250,0.00558859,1.135955345,1002,0.004302738,0.874588651,0.396602292,0.183906123,-0.193323467
MA0968.2,bZIP68,6,52,0.002694161,1.309820951,91,0.002034247,0.988990361,633,0.002718196,1.321506312,0.389369613,-0.015971635,0.402183316
MA1661.1,AT-GTL1,25,34,0.001761567,1.303805829,57,0.001274199,0.94308521,257,0.001103596,0.816815683,0.38272903,-0.084539967,-0.291917528
MA1375.1,ANL2,20,17,0.000880783,1.302962618,39,0.00087182,1.289703026,155,0.000665593,0.984626852,0.381795694,0.367038901,-0.022351011
MA1345.1,bZIP48,6,36,0.001865188,1.301624344,75,0.001676577,1.170001726,398,0.001709071,1.192677913,0.380313139,0.226510658,0.254204491
MA1351.1,GBF3,6,50,0.002590539,1.301381101,90,0.002011893,1.010692581,630,0.002705314,1.359039199,0.380043508,0.015344244,0.442587069
MA1378.1,PLT3,32,25,0.00129527,1.300879201,50,0.001117718,1.122558656,248,0.001064949,1.069561065,0.379487,0.166790831,0.097018853
UN0361.1,E2FD,25,44,0.002279675,1.296402903,91,0.002034247,1.156833317,391,0.001679012,0.954818926,0.374514156,0.210181008,-0.066700932
MA0556.1,AP3,23,52,0.002694161,1.295975711,98,0.002190727,1.053808437,454,0.001949544,0.937791548,0.37403868,0.075612635,-0.092660818
UN0373.1,NAC035,2,30,0.001554324,1.295260086,51,0.001140072,0.950053323,328,0.001408481,1.173725431,0.373241818,-0.073919606,0.231094959
MA1344.1,bZIP28,6,51,0.00264235,1.290890779,96,0.002146019,1.048413568,642,0.002756844,1.346825385,0.368366941,0.068207929,0.429562818
MA1393.2,MYB70,10,24,0.001243459,1.288871827,47,0.001050655,1.089026441,203,0.000871712,0.903548501,0.366108801,0.123038982,-0.14632605
MA0590.1,LFY,45,26,0.00134708,1.287351015,32,0.00071534,0.68362146,290,0.001245303,1.19008662,0.364405479,-0.548730409,0.251066583
MA1294.1,MYB62,18,21,0.001088027,1.287242873,47,0.001050655,1.243028644,228,0.000979066,1.158331831,0.364284282,0.313859542,0.212048606
MA0565.2,FUS3,33,30,0.001554324,1.286681439,71,0.00158716,1.313863377,380,0.001631777,1.350797726,0.36365491,0.393815264,0.433811656
MA1175.1,MYB81,10,20,0.001036216,1.286554122,37,0.000827111,1.026932424,193,0.000828771,1.028992754,0.363512149,0.03834125,0.041232823
MA1338.1,AREB3,6,52,0.002694161,1.284048052,95,0.002123664,1.012147054,698,0.002997316,1.428533069,0.360699192,0.017418913,0.514534433
UN0379.1,S1FA3,30,31,0.001606134,1.279205547,58,0.001296553,1.032639447,323,0.00138701,1.104684106,0.3552481,0.046336615,0.143633877
MA1227.2,ERF027,13,37,0.001916999,1.278254513,50,0.001117718,0.745294116,345,0.001481481,0.987851466,0.35417512,-0.424118225,-0.017633961
MA0008.1,HAT5,14,16,0.000828973,1.271242107,34,0.000760048,1.165545632,204,0.000876006,1.343369232,0.346238817,0.221005488,0.425855891
MA1339.1,bZIP43,6,38,0.00196881,1.269701212,75,0.001676577,1.081237945,425,0.001825013,1.176965711,0.34448904,0.112684048,0.23507229
MA1675.1,NAC029,2,20,0.001036216,1.266440901,48,0.001073009,1.311409264,251,0.001077831,1.317302745,0.340779755,0.391117991,0.397586947
MA1674.1,NAC017,17,46,0.002383296,1.258234094,116,0.002593106,1.369000743,488,0.002095545,1.106319028,0.33140036,0.45312323,0.145767474
MA1425.1,HYH,6,50,0.002590539,1.257619011,106,0.002369562,1.150342147,676,0.002902845,1.409232753,0.330694932,0.202063027,0.494909911
MA0565.1,FUS3,33,26,0.00134708,1.255689568,58,0.001296553,1.208590035,298,0.001279656,1.192839865,0.328479845,0.273324952,0.254400379
UN0370.1,NAC007,2,45,0.002331485,1.255072964,86,0.001922475,1.034896669,400,0.00171766,0.924641528,0.327771238,0.049486727,-0.113033936
UN0359.1,BHLH28,21,17,0.000880783,1.250900332,33,0.000737694,1.047682774,210,0.000901771,1.28070771,0.322966844,0.067201952,0.356941254
UN0348.1,ANAC076,2,45,0.002331485,1.244213182,81,0.001810703,0.966294217,399,0.001713366,0.914349271,0.315233696,-0.049465568,-0.129182731
MA1369.1,HDG1,20,17,0.000880783,1.243220215,46,0.001028301,1.451439877,160,0.000687064,0.96978635,0.314081868,0.537484812,-0.044261147
UN0380.1,SMB,2,44,0.002279675,1.240919209,84,0.001877766,1.02214426,392,0.001683306,0.916291886,0.311409191,0.031598825,-0.126120851
MA1427.1,NAC028,2,18,0.000932594,1.2408269,47,0.001050655,1.397908129,226,0.000970478,1.291231395,0.311301868,0.483269549,0.368747562
MA0563.1,Sep-03,23,57,0.002953215,1.236872411,110,0.00245898,1.029875696,523,0.00224584,0.940608022,0.306696687,0.042470217,-0.088334459
MA1390.1,HHO2,16,29,0.001502513,1.235211017,54,0.001207136,0.992382268,286,0.001228127,1.009639038,0.304757525,-0.011032138,0.013839599
UN0377.1,NAC101,2,43,0.002227864,1.2349184,80,0.001788349,0.991292614,386,0.001657542,0.918785333,0.304415716,-0.012617114,-0.122200268
MA1415.1,REF6,41,58,0.003005026,1.226587104,128,0.002861358,1.167945151,491,0.002108427,0.86061485,0.294649688,0.223972524,-0.216560361
MA0576.1,RAX3,18,42,0.002176053,1.225312859,81,0.001810703,1.019588191,421,0.001807837,1.017974126,0.293150159,0.027986569,0.025700893
MA0946.1,ARR11,16,16,0.000828973,1.221391379,21,0.000469442,0.6916657,167,0.000717123,1.056594344,0.288525567,-0.531853181,0.079421592
MA1387.1,AT1G13300,16,28,0.001450702,1.220152781,76,0.001698931,1.428932955,266,0.001142244,0.960715422,0.287061806,0.514938227,-0.057818948
MA1044.1,NAC92,2,33,0.001709756,1.219755196,79,0.001765995,1.259876297,386,0.001657542,1.182504996,0.286591629,0.333282087,0.241846279
UN0367.1,MYB58,18,76,0.00393762,1.219227286,135,0.003017839,0.934430331,711,0.00305314,0.945360875,0.285967095,-0.097840991,-0.081062937
MA1398.2,KUA1,24,23,0.001191648,1.214498766,52,0.001162427,1.184717116,259,0.001112185,1.133511548,0.280361024,0.244542617,0.180799089
MA1283.1,TCP14,3,38,0.00196881,1.211356169,74,0.001654223,1.017799084,448,0.001923779,1.183649763,0.276623116,0.025452798,0.243242257
UN0345.1,ANAC038,17,33,0.001709756,1.20992199,80,0.001788349,1.265538886,378,0.001623188,1.148661785,0.274914032,0.339751838,0.19995407
MA0564.1,ABI3,33,25,0.00129527,1.209566263,63,0.001408325,1.315140897,311,0.00133548,1.247116394,0.274489806,0.39521737,0.318596119
MA1400.1,At1g19000,24,24,0.001243459,1.209469444,55,0.00122949,1.195882267,268,0.001150832,1.119374466,0.274374322,0.258075365,0.162692744
UN0343.1,ANAC020,17,40,0.002072431,1.208961426,94,0.00210131,1.225807809,455,0.001953838,1.139779371,0.273768214,0.293732801,0.188754587
UN0378.1,NAC68,17,29,0.001502513,1.206025678,75,0.001676577,1.345742281,335,0.00143854,1.154676445,0.270260625,0.42840215,0.207488647
MA0948.1,ARR18,16,18,0.000932594,1.2054732,34,0.000760048,0.982440028,181,0.000777241,1.004663379,0.269599577,-0.025558753,0.006712195
MA1048.1,ERF018,13,30,0.001554324,1.203507115,67,0.001497742,1.159696342,295,0.001266774,0.980858514,0.267244671,0.213747096,-0.027883048
MA0940.1,AP1,23,80,0.004144863,1.202941885,173,0.003867305,1.122387548,679,0.002915727,0.846216281,0.266566947,0.166570909,-0.240901652
MA1293.1,MYB57,18,19,0.000984405,1.200055683,33,0.000737694,0.899298386,201,0.000863124,1.052206056,0.263101349,-0.153128215,0.073417259
MA1342.1,bZIP50,19,23,0.001191648,1.198827393,51,0.001140072,1.146940993,327,0.001404187,1.412646564,0.261623955,0.197791171,0.498400557
MA1172.1,MYB3R5,10,25,0.00129527,1.198480352,46,0.001028301,0.951460622,235,0.001009125,0.933717965,0.261206258,-0.071784146,-0.098941254
MA1069.1,TGA6,19,20,0.001036216,1.196984384,42,0.000938883,1.084550694,259,0.001112185,1.284739852,0.259404331,0.117097489,0.361476257
MA1026.2,ATHB15,34,32,0.001657945,1.189436911,54,0.001207136,0.866018701,277,0.001189479,0.853351871,0.250278752,-0.207529916,-0.22878735
MA1681.1,SRM1,24,25,0.00129527,1.183974876,49,0.001095364,1.001245634,271,0.001163714,1.063723397,0.243638467,0.001795952,0.089123052
MA1261.1,AT5G67000,11,66,0.003419512,1.182802661,103,0.002302499,0.796430089,626,0.002688137,0.929821606,0.242209394,-0.328380368,-0.104974145
MA1271.1,DAG2,15,50,0.002590539,1.182040171,113,0.002526043,1.15261098,452,0.001940955,0.885640787,0.241279066,0.204905668,-0.17520643
MA1203.1,AGL63,23,35,0.001813378,1.181901038,77,0.001721286,1.121878622,333,0.001429952,0.931996424,0.241109242,0.165916597,-0.101603676
UN0381.1,ZAT6,14,26,0.00134708,1.181056273,48,0.001073009,0.940763713,273,0.001172303,1.027819452,0.240077706,-0.088095681,0.039586861
MA1181.1,MYB113,10,15,0.000777162,1.181040498,37,0.000827111,1.256948061,157,0.000674181,1.024542849,0.240058436,0.329925037,0.034980323
MA1049.1,ERF094,1,42,0.002176053,1.179848423,74,0.001654223,0.896913835,348,0.001494364,0.810238942,0.238601526,-0.1569587,-0.303580669
MA1350.1,bZIP42,6,32,0.001657945,1.177561752,66,0.001475388,1.047899723,411,0.001764895,1.253523492,0.235802718,0.067500667,0.325989034
MA0581.1,LEC2,33,27,0.001398891,1.172318402,59,0.001318907,1.105289151,390,0.001674718,1.403470757,0.229364459,0.144423838,0.488999004
MA0938.1,NAC058,2,20,0.001036216,1.172068358,57,0.001274199,1.441251853,234,0.001004831,1.136568842,0.229056714,0.527322463,0.184685071
UN0360.1,CDF5,15,38,0.00196881,1.171536079,90,0.002011893,1.197172295,399,0.001713366,1.01953446,0.228401385,0.259630797,0.027910539
MA1059.2,SPL5,21,15,0.000777162,1.169837092,28,0.000625922,0.942180772,189,0.000811594,1.221667092,0.226307638,-0.085924205,0.2888512
MA1015.1,GATA12,12,12,0.000621729,1.168544919,33,0.000737694,1.386500985,170,0.000730005,1.372050289,0.224713193,0.471448641,0.456333361
UN0342.1,ANAC016,2,33,0.001709756,1.167799472,65,0.001453033,0.992452589,311,0.00133548,0.912161351,0.223792564,-0.010929911,-0.132639052
MA1065.2,TCP20,3,36,0.001865188,1.167350131,75,0.001676577,1.049305566,465,0.001996779,1.249707947,0.223237343,0.069434863,0.321590981
MA1337.1,bZIP44,6,31,0.001606134,1.165179258,64,0.001430679,1.037894241,392,0.001683306,1.221164191,0.220551925,0.053659444,0.28825719
MA1180.1,MYB3R4,10,25,0.00129527,1.1622142,55,0.00122949,1.103191572,233,0.001000537,0.89775748,0.216875987,0.14168334,-0.155602327
MA0554.1,SOC1,23,54,0.002797782,1.161969962,107,0.002391917,0.993406498,498,0.002138486,0.888152264,0.216572774,-0.009543911,-0.171121063
MA1269.1,dof4.5,15,30,0.001554324,1.159759622,81,0.001810703,1.351057479,266,0.001142244,0.852285911,0.213825816,0.434089054,-0.230590611
MA1349.1,bZIP16,6,45,0.002331485,1.155002007,94,0.00210131,1.040974656,600,0.00257649,1.276375379,0.207895359,0.057934945,0.352052685
MA0110.3,ATHB-5,14,26,0.00134708,1.15368756,57,0.001274199,1.091268941,286,0.001228127,1.051811313,0.206252568,0.126006695,0.072875919
UN0374.1,NAC037,2,33,0.001709756,1.152422199,68,0.001520097,1.024586586,319,0.001369834,0.923305243,0.204669356,0.035041909,-0.115120416
UN0346.1,ANAC057,2,46,0.002383296,1.150722072,105,0.002347208,1.13329765,466,0.002001074,0.966174278,0.202539429,0.180526821,-0.04964465
MA0944.1,ARF8,13,24,0.001243459,1.150162369,47,0.001050655,0.971824509,257,0.001103596,1.020793694,0.201837542,-0.041232278,0.029691322
MA1372.1,STZ,35,36,0.001865188,1.14817288,76,0.001698931,1.045828454,365,0.001567364,0.964838425,0.199339884,0.064646227,-0.051640731
MA0555.1,SVP,23,47,0.002435107,1.140332973,99,0.002213082,1.036361083,441,0.00189372,0.886807498,0.189455148,0.051526746,-0.173307127
MA1173.1,MYB101,10,47,0.002435107,1.138396576,54,0.001207136,0.564327949,395,0.001696189,0.792957226,0.187003228,-0.825394292,-0.334685049
UN0344.1,ANAC028,2,26,0.00134708,1.135104945,59,0.001318907,1.111365105,304,0.001305421,1.100001289,0.182825687,0.152332848,0.137505214
MA1276.1,AT3G52440,15,36,0.001865188,1.133103549,95,0.002123664,1.290127943,352,0.001511541,0.918262196,0.180279708,0.367514146,-0.123021942
MA1206.1,ARF2,13,27,0.001398891,1.132518542,54,0.001207136,0.977276362,279,0.001198068,0.969935161,0.179534671,-0.033161498,-0.044039787
MA1336.1,TGA3,19,21,0.001088027,1.127929666,51,0.001140072,1.18188434,307,0.001318304,1.36665232,0.173677109,0.241088859,0.450646264
MA1047.2,TGA5,19,23,0.001191648,1.125812983,65,0.001453033,1.37275758,352,0.001511541,1.428032275,0.170967191,0.457076877,0.514028586
MA1000.1,ERF105,1,25,0.00129527,1.125712078,54,0.001207136,1.049115139,338,0.001451422,1.261423624,0.170837878,0.06917302,0.335052857
MA1398.1,KUA1,24,23,0.001191648,1.125242571,60,0.001341262,1.266518815,274,0.001176597,1.111030097,0.17023604,0.340868509,0.151897899
MA1159.1,SGR5,9,71,0.003678566,1.123439172,156,0.00348728,1.06502031,721,0.003096082,0.945547655,0.167922013,0.090880943,-0.080777924
MA1199.1,AGL16,23,34,0.001761567,1.121498656,70,0.001564805,0.996230785,324,0.001391304,0.885771686,0.165427892,-0.005448102,-0.174993213
MA0947.1,ARR14,16,17,0.000880783,1.117957771,33,0.000737694,0.936337667,179,0.000768653,0.975632932,0.160865694,-0.094899199,-0.035589638
MA1272.1,AT2G28810,9,124,0.006424538,1.11370981,229,0.005119149,0.887417358,1169,0.00501986,0.87020548,0.155373371,-0.172315322,-0.200571993
MA1014.1,GATA11,12,20,0.001036216,1.113206675,41,0.000916529,0.984626999,179,0.000768653,0.825763685,0.154721464,-0.022350795,-0.276199121
MA1277.1,Adof1,9,130,0.006735402,1.112360402,259,0.00578978,0.956189586,1233,0.005294686,0.874424238,0.153624293,-0.064631402,-0.193594704
MA1677.1,NAC078,2,48,0.002486918,1.111120275,108,0.002414271,1.078662717,516,0.002215781,0.989980134,0.152014992,0.109243824,-0.01452852
MA1195.1,AT5G56840,24,23,0.001191648,1.110191745,53,0.001184781,1.103794192,271,0.001163714,1.084167518,0.150808871,0.142471199,0.116587689
MA1399.1,At5g08520,24,24,0.001243459,1.109724779,58,0.001296553,1.157108577,296,0.001271068,1.13436468,0.150201921,0.210524246,0.181884518
MA1062.2,TCP15,3,33,0.001709756,1.1096398,69,0.001542451,1.00105803,443,0.001902308,1.234607056,0.15009144,0.001525608,0.304051942
MA1043.1,NAC083,2,14,0.000725351,1.109054054,35,0.000782403,1.196285392,220,0.000944713,1.444455948,0.149329682,0.258561607,0.530526206
MA0570.1,ABF1,6,47,0.002435107,1.106991057,109,0.002436625,1.107681315,698,0.002997316,1.362569363,0.146643567,0.147542871,0.446329674
MA0980.2,RAP2-10,13,29,0.001502513,1.103520311,53,0.001184781,0.870162333,296,0.001271068,0.933535821,0.142113184,-0.200643527,-0.099222713
MA1042.1,MYB59,18,11,0.000569919,1.101603193,25,0.000558859,1.080225902,109,0.000468062,0.904723647,0.139604646,0.111333047,-0.144450915
MA1192.1,At5g58900,24,23,0.001191648,1.099775102,56,0.001251844,1.155330268,284,0.001219538,1.125515111,0.137208531,0.208305326,0.170585426
MA0943.1,ARF5,13,25,0.00129527,1.096028196,60,0.001341262,1.134945601,258,0.00110789,0.937472133,0.132284913,0.182623149,-0.093152289
MA1047.1,TGA5,19,18,0.000932594,1.089462566,35,0.000782403,0.914007857,243,0.001043478,1.218998086,0.123616626,-0.129721528,0.285695861
UN0375.1,NAC045,2,44,0.002279675,1.085339414,100,0.002235436,1.064277732,442,0.001898014,0.903633057,0.118146282,0.089874683,-0.146191046
MA1368.1,GT-4,37,20,0.001036216,1.083686858,48,0.001073009,1.12216605,227,0.000974772,1.019428124,0.115947936,0.166286171,0.02776006
MA1165.1,HHO6,16,27,0.001398891,1.082291508,69,0.001542451,1.19336049,291,0.001249597,0.966786147,0.114089132,0.255029918,-0.048731294
MA1235.1,AIL7,32,23,0.001191648,1.081897192,64,0.001430679,1.298913435,282,0.00121095,1.099421457,0.113563413,0.377305287,0.136744541
MA1179.1,MYB1,10,21,0.001088027,1.078341527,30,0.000670631,0.664661262,250,0.001073537,1.063981281,0.108814174,-0.589308822,0.089472769
MA1209.1,ATHB20,14,22,0.001139837,1.078305691,60,0.001341262,1.268856604,266,0.001142244,1.080582167,0.108766229,0.343529037,0.111808778
UN0382.1,NAC105,2,37,0.001916999,1.075018167,85,0.001900121,1.065553065,363,0.001558776,0.874133265,0.10436104,0.091602442,-0.194074854
MA1662.1,AT3G10030,10,15,0.000777162,1.069899321,42,0.000938883,1.292537109,153,0.000657005,0.904482204,0.097475043,0.370205701,-0.144835977
MA1009.1,ARF3,13,23,0.001191648,1.064979691,54,0.001207136,1.078820839,248,0.001064949,0.951748308,0.090825919,0.109455295,-0.071347995
UN0349.1,ANAC096,17,36,0.001865188,1.064179723,114,0.002548397,1.453983264,449,0.001928073,1.100058454,0.08974182,0.540010663,0.137580187
MA1670.1,DREB1C,13,24,0.001243459,1.063658596,48,0.001073009,0.917855526,309,0.001326892,1.135027632,0.089035161,-0.123661009,0.18272742
MA1026.1,ATHB-15,14,12,0.000621729,1.063199287,21,0.000469442,0.802776781,170,0.000730005,1.24835842,0.088412042,-0.316929205,0.32003221
UN0371.1,NAC010,17,31,0.001606134,1.063085977,83,0.001855412,1.228080584,382,0.001640365,1.085742908,0.088258279,0.29640523,0.118682529
MA1278.1,OBP1,9,129,0.006683592,1.062283315,260,0.005812134,0.923774724,1253,0.005380569,0.855182221,0.08716859,-0.114387023,-0.225696235
MA1279.1,COG1,9,95,0.004922025,1.06006622,174,0.003889659,0.837723533,955,0.004100913,0.883221647,0.08415439,-0.255453893,-0.179152563
MA1660.1,ANAC13,17,40,0.002072431,1.054885485,116,0.002593106,1.31991326,470,0.00201825,1.027306713,0.077086393,0.400443124,0.038866977
MA1200.1,AGL25,23,34,0.001761567,1.054188982,84,0.001877766,1.123727268,338,0.001451422,0.868586748,0.076133519,0.168291932,-0.203258153
MA1371.1,IDD4,9,65,0.003367701,1.052804182,138,0.003084902,0.964396018,666,0.002859903,0.89405743,0.074237125,-0.052302401,-0.161560589
MA0577.1,SPL3,21,12,0.000621729,1.052461222,26,0.000581213,0.983875809,191,0.000820183,1.388401798,0.073767078,-0.023451874,0.473425139
UN0376.1,NAC053,2,46,0.002383296,1.052082383,115,0.002570752,1.134832682,514,0.002207193,0.974343245,0.073247679,0.182479604,-0.037497995
MA0577.2,SPL3,21,12,0.000621729,1.050143285,21,0.000469442,0.792918746,172,0.000738594,1.247534898,0.070586187,-0.334755061,0.319080173
MA0589.1,ZAP1,5,25,0.00129527,1.048167357,68,0.001520097,1.230103379,292,0.001253892,1.014683074,0.067869085,0.298779566,0.021029187
MA0974.2,CDF3,15,27,0.001398891,1.047672276,67,0.001497742,1.121704772,270,0.00115942,0.868325179,0.067187496,0.165693015,-0.203692676
MA1291.1,TCP7,3,29,0.001502513,1.04699862,59,0.001318907,0.919056478,425,0.001825013,1.271727271,0.066259541,-0.121774574,0.34678931
MA1170.1,MYB118,10,15,0.000777162,1.04593026,37,0.000827111,1.113154048,162,0.000695652,0.936231882,0.06478666,0.154653259,-0.0950622
UN0362.1,EICBP-B,31,24,0.001243459,1.045781315,39,0.00087182,0.733223407,363,0.001558776,1.31097136,0.064581199,-0.447675253,0.390636168
MA1188.1,At3g11280,24,31,0.001606134,1.044673212,61,0.001363616,0.88693272,334,0.001434246,0.932872249,0.063051718,-0.173103425,-0.100248568
MA1210.1,HAT22,14,20,0.001036216,1.043958804,42,0.000938883,0.945898928,223,0.000957595,0.964750854,0.062064782,-0.080242059,-0.051771679
MA1329.1,ZHD1,27,21,0.001088027,1.04385797,38,0.000849466,0.814981575,245,0.001052067,1.009357801,0.061925428,-0.295160651,0.013437677
MA0974.1,CDF3,15,21,0.001088027,1.043548217,49,0.001095364,1.050585453,211,0.000906065,0.869025707,0.061497262,0.071193513,-0.20252924
UN0350.1,ANAC103,17,33,0.001709756,1.040598986,96,0.002146019,1.306119065,408,0.001752013,1.066317568,0.057414207,0.385286418,0.092637162
MA1215.1,ATHB53,14,23,0.001191648,1.039512426,64,0.001430679,1.248026769,279,0.001198068,1.045112388,0.055907004,0.319648879,0.063658093
MA1196.1,At5g05790,24,36,0.001865188,1.038961555,74,0.001654223,0.921447877,367,0.001575953,0.877849333,0.055142271,-0.118025535,-0.187954746
MA1204.1,AGL13,23,31,0.001606134,1.038217527,69,0.001542451,0.99705205,352,0.001511541,0.977071328,0.054108748,-0.004259274,-0.033464209
UN0365.1,GT-2,25,25,0.00129527,1.036442607,54,0.001207136,0.96591984,228,0.000979066,0.783424302,0.051640229,-0.050024628,-0.352134213
MA1663.1,ANAC050,17,29,0.001502513,1.035201031,95,0.002123664,1.463161889,374,0.001606012,1.106509744,0.049910959,0.549089403,0.146016156
MA0008.2,HAT5,14,18,0.000932594,1.033557596,44,0.000983592,1.090076386,230,0.000987654,1.09457861,0.047618787,0.124429234,0.130375569
MA0949.1,ARR2,16,21,0.001088027,1.03300773,48,0.001073009,1.018749929,224,0.000961889,0.913249069,0.04685105,0.026799959,-0.130919717
MA1234.1,ERF017,13,48,0.002486918,1.032245007,97,0.002168373,0.900026641,484,0.002078368,0.862668337,0.04578544,-0.151960389,-0.21312209
MA1397.1,At1g74840,24,21,0.001088027,1.030287797,60,0.001341262,1.270084421,242,0.001039184,0.984037321,0.043047391,0.344924394,-0.023215062
MA1358.1,bHLH130,29,32,0.001657945,1.029516499,72,0.001609514,0.999442714,433,0.001859367,1.154591011,0.041966951,-0.000804218,0.207381898
MA1666.1,HSFB2B,30,28,0.001450702,1.027031702,66,0.001475388,1.044508145,301,0.001292539,0.915059337,0.038480715,0.062823742,-0.128062797
MA1667.1,HSFC1,30,25,0.00129527,1.026682355,57,0.001274199,1.009980578,281,0.001206656,0.95644357,0.037989896,0.01432755,-0.064248243
MA1335.1,TGA4,19,26,0.00134708,1.025077256,72,0.001609514,1.22477926,367,0.001575953,1.199240417,0.035732644,0.292521758,0.262120911
MA1158.1,MGP,9,47,0.002435107,1.023309431,106,0.002369562,0.995765468,525,0.002254428,0.947382515,0.033242457,-0.00612211,-0.077981049
MA1391.2,MYB33,10,16,0.000828973,1.02277184,35,0.000782403,0.965314659,208,0.000893183,1.101993562,0.032484344,-0.050928807,0.140115796
MA1058.1,SPL4,21,13,0.00067354,1.020816482,26,0.000581213,0.880886079,185,0.000794418,1.204018036,0.029723528,-0.182972641,0.267857004
MA1024.1,HAT1,14,20,0.001036216,1.019661833,42,0.000938883,0.923884191,235,0.001009125,0.993003943,0.028090767,-0.114216074,-0.010128648
MA0973.1,CDF2,15,28,0.001450702,1.01911838,64,0.001430679,1.005052283,292,0.001253892,0.880859003,0.027321644,0.007270553,-0.183016986
MA1217.1,CBF2,13,24,0.001243459,1.018597527,46,0.001028301,0.842347488,296,0.001271068,1.041214074,0.02658412,-0.247512593,0.058266718
MA1317.1,WRKY50,5,31,0.001606134,1.014867882,81,0.001810703,1.144128782,435,0.001867955,1.180304368,0.021291926,0.19424945,0.239158939
MA1057.1,SPL12,21,12,0.000621729,1.013957654,23,0.00051415,0.838510461,168,0.000721417,1.176534851,0.019997402,-0.254099312,0.234544056
MA0584.1,Sep-01,23,23,0.001191648,1.013360277,65,0.001453033,1.235638621,288,0.001236715,1.051684494,0.019147182,0.30525687,0.07270196
MA1220.1,TINY,13,38,0.00196881,1.011345956,62,0.00138597,0.711950685,426,0.001829308,0.93968585,0.016276591,-0.490150782,-0.08974957
MA0977.1,DOF2.5,15,22,0.001139837,1.009678496,59,0.001318907,1.168300372,230,0.000987654,0.874873385,0.01389598,0.224411241,-0.192853855
MA1326.1,ZHD5,27,15,0.000777162,1.007494502,32,0.00071534,0.927349584,199,0.000854536,1.107800215,0.010771966,-0.108814799,0.147697724
MA1156.1,JKD,9,65,0.003367701,1.007490433,139,0.003107256,0.929575035,704,0.003023081,0.904392966,0.010766139,-0.105356771,-0.144978323
MA1198.1,HAT2,14,20,0.001036216,1.00499176,43,0.000961238,0.932272853,217,0.00093183,0.903751814,0.007183673,-0.101175837,-0.146001457
MA0579.1,CDC5,44,19,0.000984405,1.003983293,57,0.001274199,1.299540498,227,0.000974772,0.994158626,0.005735262,0.378001594,-0.008452031
MA1160.1,AT1G14580,9,69,0.003574944,1.003831746,149,0.0033308,0.935276842,791,0.003396672,0.953773522,0.005517477,-0.096534629,-0.068281363
MA1068.1,TGA2,19,14,0.000725351,1.00067619,32,0.00071534,0.986864636,224,0.000961889,1.326998683,0.000975206,-0.019075885,0.408166939
MA0971.1,DREB1A,13,22,0.001139837,0.994966837,45,0.001005946,0.878093002,272,0.001168009,1.019557612,-0.007279655,-0.187554346,0.0279433
MA0983.1,DOF5.6,15,20,0.001036216,0.990642039,59,0.001318907,1.260900587,228,0.000979066,0.936005817,-0.01356425,0.334454534,-0.095410599
MA1274.1,OBP3,9,227,0.011761049,0.990596293,521,0.011646622,0.980958516,2497,0.010722491,0.903121802,-0.013630873,-0.027735968,-0.147007521
MA1330.1,ZHD6,27,21,0.001088027,0.989018987,42,0.000938883,0.853447287,253,0.00108642,0.987558425,-0.015929877,-0.228626047,-0.018061993
MA1284.1,TCP1,3,37,0.001916999,0.986317557,89,0.001989538,1.023639707,538,0.002310252,1.188650722,-0.01987588,0.033708016,0.24932485
MA1224.1,CBF1,13,23,0.001191648,0.983654493,48,0.001073009,0.885723278,302,0.001296833,1.070480178,-0.023776435,-0.17507206,0.098258082
UN0364.1,ERF011,13,40,0.002072431,0.98314244,81,0.001810703,0.858980983,471,0.002022544,0.959476413,-0.024527642,-0.219301903,-0.059680754
MA1664.1,HSFA6B,30,30,0.001554324,0.980705013,74,0.001654223,1.04373666,315,0.001352657,0.853462881,-0.028108843,0.061757759,-0.228599686
MA0001.1,AGL3,23,23,0.001191648,0.980005816,61,0.001363616,1.121431445,287,0.001232421,1.013537115,-0.029137784,0.165341429,0.01939892
MA1214.1,ATHB40,43,22,0.001139837,0.978644487,67,0.001497742,1.285935403,295,0.001266774,1.087630135,-0.031143229,0.362818173,0.12118803
MA1682.1,TCX3,22,33,0.001709756,0.977970445,73,0.001631868,0.933419195,393,0.001687601,0.965297727,-0.032137228,-0.099402959,-0.050954113
MA0001.2,AGL3,23,21,0.001088027,0.977475497,50,0.001117718,1.00415017,255,0.001095008,0.98374765,-0.032867557,0.00597504,-0.023639811
MA1370.1,IDD5,9,47,0.002435107,0.976830242,105,0.002347208,0.941570005,602,0.002585078,1.036990249,-0.033820229,-0.086859733,0.052402328
MA1381.1,AT3G46070,35,44,0.002279675,0.976015976,111,0.002481334,1.062354119,447,0.001919485,0.82180488,-0.035023332,0.087264746,-0.283132197
MA0588.1,TGA1,19,23,0.001191648,0.975939378,50,0.001117718,0.915391946,341,0.001464305,1.199240612,-0.03513656,-0.127538496,0.262121146
MA1280.1,OBP4,15,45,0.002331485,0.973516341,116,0.002593106,1.082756498,478,0.002052603,0.857068575,-0.038722899,0.114708831,-0.222517454
MA1356.1,TRP2,26,51,0.00264235,0.973155693,130,0.002906067,1.070280422,532,0.002284487,0.841357803,-0.039257458,0.097988844,-0.249208631
MA1243.1,DREB19,13,32,0.001657945,0.973155277,62,0.00138597,0.813515685,391,0.001679012,0.985520957,-0.039258075,-0.297757933,-0.021041545
MA0582.1,RAV1,40,28,0.001450702,0.971022013,67,0.001497742,1.002508178,318,0.001365539,0.914018754,-0.042424093,0.003614006,-0.129704328
MA1157.1,NUC,9,44,0.002279675,0.969404572,101,0.00225779,0.960098604,527,0.002263017,0.96232096,-0.044829208,-0.058745514,-0.055409943
MA1676.1,NAC062,17,24,0.001243459,0.969400523,66,0.001475388,1.150212336,319,0.001369834,1.067922247,-0.044835234,0.201900216,0.094806611
MA0954.2,ATHB7,14,22,0.001139837,0.969175518,69,0.001542451,1.311507935,274,0.001176597,1.000431275,-0.045170133,0.391226536,0.000622064
MA1287.1,TCP21,3,32,0.001657945,0.966526583,85,0.001900121,1.107706816,513,0.002202899,1.284216167,-0.049118683,0.147576084,0.360888066
MA1281.1,AT5G02460,9,139,0.007201699,0.965351036,320,0.007153396,0.958876163,1472,0.006320988,0.847296124,-0.050874442,-0.060583589,-0.239061825
MA1164.1,HHO5,16,26,0.00134708,0.963039243,75,0.001676577,1.198599183,307,0.001318304,0.942466571,-0.054333507,0.261349296,-0.085486648
MA1669.1,DREB1B,13,25,0.00129527,0.962541199,48,0.001073009,0.797375034,327,0.001404187,1.043479723,-0.055079802,-0.32666966,0.061402566
MA1229.1,AT2G44940,13,34,0.001761567,0.961446012,63,0.001408325,0.768649965,419,0.001799249,0.982012353,-0.056722247,-0.379601335,-0.026186922
MA0553.1,SMZ,21,17,0.000880783,0.959286587,55,0.00122949,1.33907289,179,0.000768653,0.837161842,-0.05996621,0.421234493,-0.25642154
MA1374.1,IDD7,9,48,0.002486918,0.958213527,115,0.002570752,0.99051482,564,0.0024219,0.933162133,-0.061580915,-0.013749534,-0.09980033
MA1367.1,AT1G76870,42,42,0.002176053,0.955651297,75,0.001676577,0.736297802,488,0.002095545,0.920294715,-0.065443799,-0.4416387,-0.119832151
MA0978.1,DREB1E,13,17,0.000880783,0.953525655,43,0.000961238,1.040624374,248,0.001064949,1.152901183,-0.06865634,0.057449404,0.205268863
MA1380.1,AT2G20110,22,41,0.002124242,0.950853254,68,0.001520097,0.680425577,492,0.002112721,0.945696291,-0.072705389,-0.555490722,-0.080551156
MA0995.2,ERF039,13,32,0.001657945,0.948938455,59,0.001318907,0.754887366,390,0.001674718,0.958538625,-0.075613573,-0.405666694,-0.061091527
UN0351.1,ARID6,22,22,0.001139837,0.944463171,57,0.001274199,1.055794219,234,0.001004831,0.832597585,-0.082433555,0.078328672,-0.264308721
MA0952.1,ATHB-51,14,12,0.000621729,0.942874226,49,0.001095364,1.66115698,177,0.000760064,1.152663994,-0.084862758,0.732188415,0.204972023
MA1205.1,AGL6,23,32,0.001657945,0.941629325,81,0.001810703,1.028388219,371,0.001593129,0.904817203,-0.086768844,0.040384988,-0.144301736
MA1018.1,GATA9,12,18,0.000932594,0.940416299,43,0.000961238,0.969299917,234,0.001004831,1.013258937,-0.088628551,-0.044984967,0.0190029
MA0972.1,CCA1,4,13,0.00067354,0.940029146,48,0.001073009,1.497549829,223,0.000957595,1.336471719,-0.089222606,0.582604008,0.418429309
MA1228.1,AT4G18450,11,76,0.00393762,0.937893454,136,0.003040193,0.724137266,826,0.003546967,0.844844736,-0.092504055,-0.465664897,-0.243241865
MA0567.1,ERF1B,1,42,0.002176053,0.937214654,88,0.001967184,0.847255759,464,0.001992485,0.858152957,-0.093548583,-0.239130557,-0.220693279
MA1249.1,RAP210,13,31,0.001606134,0.935496008,63,0.001408325,0.820281415,399,0.001713366,0.997952989,-0.096196598,-0.285809153,-0.002956239
MA1268.1,AT1G69570,9,147,0.007616186,0.934537725,339,0.007578128,0.929867948,1634,0.00701664,0.860970949,-0.097675192,-0.104902243,-0.215963536
MA0573.1,ATHB-9,34,16,0.000828973,0.934371816,45,0.001005946,1.133846696,159,0.00068277,0.769580075,-0.097931337,0.181225591,-0.377856648
MA0998.1,ERF096,1,40,0.002072431,0.933971869,98,0.002190727,0.987283678,469,0.002013956,0.907619023,-0.098548998,-0.018463418,-0.139841248
MA1191.1,AT3G10113,4,23,0.001191648,0.931614129,67,0.001497742,1.170914301,362,0.001554482,1.215272705,-0.102195575,0.227635489,0.281280088
MA1289.1,TCP3,3,32,0.001657945,0.930202152,81,0.001810703,1.015908181,471,0.002022544,1.134763117,-0.104383817,0.022770015,0.182391165
MA1178.1,MYB3R1,10,19,0.000984405,0.929789953,47,0.001050655,0.992364417,232,0.000996243,0.940970863,-0.105023258,-0.011058089,-0.087778044
MA1318.1,WRKY27,5,28,0.001450702,0.927222756,76,0.001698931,1.085879714,464,0.001992485,1.273505936,-0.109012121,0.118864301,0.348805684
MA1060.1,SPL7,21,10,0.000518108,0.926783395,29,0.000648276,1.159627001,184,0.000790123,1.413360695,-0.109695899,0.213660831,0.499129694
MA1267.1,AT5G66940,9,152,0.00787524,0.926227971,348,0.007779318,0.914946343,1683,0.007227053,0.849993027,-0.110560769,-0.128240956,-0.234477089
MA1027.1,KAN1,16,10,0.000518108,0.925525044,41,0.000916529,1.637246644,150,0.000644122,1.150631811,-0.111656066,0.711271674,0.202426261
MA1218.1,CBF4,13,22,0.001139837,0.925177216,46,0.001028301,0.834645694,316,0.001356951,1.101403047,-0.112198357,-0.260764189,0.139342505
MA1046.1,NTL9,20,8,0.000414486,0.923753912,18,0.000402379,0.896769617,111,0.000476651,1.06229766,-0.114419526,-0.157190695,0.087188072
UN0357.1,AT5G23930,1,49,0.002538729,0.923633239,101,0.00225779,0.821423124,514,0.002207193,0.803014773,-0.114608002,-0.283802533,-0.316501566
MA1176.1,MYB119,10,13,0.00067354,0.923541817,42,0.000938883,1.287373544,179,0.000768653,1.053957712,-0.114750808,0.364430726,0.075816983
MA0976.2,CRF4,1,67,0.003471323,0.923307306,123,0.002749586,0.731338873,728,0.003126141,0.831495286,-0.115117192,-0.451388047,-0.26622001
MA1352.1,TRP1,26,43,0.002227864,0.922762136,132,0.002950776,1.222186039,463,0.001988191,0.823491734,-0.115969288,0.289463906,-0.280173926
MA1346.1,TGA10,19,22,0.001139837,0.921314833,64,0.001430679,1.156398272,350,0.001502952,1.214815626,-0.118233855,0.209638358,0.280737371
MA0953.1,ATHB-6,14,19,0.000984405,0.920136072,49,0.001095364,1.023850657,221,0.000949007,0.887049126,-0.120080869,0.034005293,-0.17291409
MA1282.1,PTF1,3,29,0.001502513,0.918531507,71,0.00158716,0.970278674,465,0.001996779,1.2206916,-0.122598886,-0.043528931,0.287698759
MA1076.2,WRKY15,5,26,0.00134708,0.915926717,64,0.001430679,0.972768347,444,0.001906602,1.296364985,-0.126695922,-0.039831809,0.374471959
MA1162.1,TCX2,22,38,0.00196881,0.914977253,74,0.001654223,0.768777205,455,0.001953838,0.908019218,-0.128192217,-0.379362535,-0.139205263
MA1327.2,ATHB23,20,18,0.000932594,0.914759849,51,0.001140072,1.118270433,148,0.000635534,0.623380549,-0.128535051,0.161269119,-0.681814955
MA1266.1,RAP211,11,55,0.002849593,0.914307819,121,0.002704878,0.867875027,614,0.002636608,0.845970187,-0.129248137,-0.204440784,-0.241321273
MA1365.2,AT5G47660,25,22,0.001139837,0.914239486,65,0.001453033,1.165447535,245,0.001052067,0.843840414,-0.129355965,0.22088406,-0.244957911
MA0586.2,SPL14,21,11,0.000569919,0.914004682,33,0.000737694,1.18307357,200,0.00085883,1.3773448,-0.129726539,0.242539791,0.461889764
MA1678.1,NTL8,17,31,0.001606134,0.913180854,109,0.002436625,1.385363301,391,0.001679012,0.954616208,-0.131027483,0.470264362,-0.067007263
MA1253.1,AT3G16280,13,27,0.001398891,0.912746889,68,0.001520097,0.991830792,344,0.001477187,0.963833423,-0.131713248,-0.011834079,-0.053144264
MA1297.1,WRKY26,5,30,0.001554324,0.911567999,80,0.001788349,1.048817391,434,0.001863661,1.092985721,-0.133577816,0.068763513,0.128274553
MA1376.1,DEAR3,13,37,0.001916999,0.91038387,86,0.001922475,0.912984405,481,0.002065486,0.98090026,-0.135453098,-0.131337878,-0.027821647
MA1092.1,WRKY63,5,21,0.001088027,0.908284659,55,0.00122949,1.026378275,352,0.001511541,1.26183419,-0.138783582,0.037562539,0.335522347
MA0557.1,FHY3,31,22,0.001139837,0.906557779,50,0.001117718,0.888965465,296,0.001271068,1.010930878,-0.141529123,-0.169800721,0.015684357
MA1348.1,TGA9,19,18,0.000932594,0.906500261,54,0.001207136,1.173359963,327,0.001404187,1.364897768,-0.14162066,0.230645671,0.448792896
MA1392.1,MYB98,10,13,0.00067354,0.905203654,35,0.000782403,1.051509178,185,0.000794418,1.06765667,-0.143685687,0.072461443,0.094447789
MA0578.1,SPL8,21,13,0.00067354,0.903502089,33,0.000737694,0.989559303,183,0.000785829,1.054129194,-0.146400158,-0.015141926,0.076051694
MA1251.1,DEAR5,13,36,0.001865188,0.900323554,77,0.001721286,0.830862033,443,0.001902308,0.918241212,-0.151484531,-0.267319162,-0.123054911
MA1373.1,IDD2,9,71,0.003678566,0.899367102,173,0.003867305,0.94551153,868,0.003727322,0.911287298,-0.153017982,-0.080833044,-0.134022136
MA1316.1,WRKY71,5,28,0.001450702,0.89419117,79,0.001765995,1.088532785,446,0.001915191,1.180494987,-0.161344795,0.12238486,0.239391915
MA1241.1,AT4G32800,13,27,0.001398891,0.893792733,60,0.001341262,0.856971507,371,0.001593129,1.017897171,-0.16198778,-0.222680857,0.025591826
MA1424.1,ERF019,13,37,0.001916999,0.893596851,80,0.001788349,0.833627379,458,0.00196672,0.916774081,-0.162303993,-0.262525434,-0.125361838
MA1285.1,At2g45680,3,26,0.00134708,0.893420492,75,0.001676577,1.111951646,421,0.001807837,1.199006673,-0.162588749,0.153094053,0.261839688
MA1321.1,SPL13,21,11,0.000569919,0.892307698,33,0.000737694,1.154989329,190,0.000815888,1.277416432,-0.164386809,0.207879523,0.353228914
MA1275.1,AT1G47655,15,23,0.001191648,0.890859347,62,0.00138597,1.036131965,286,0.001228127,0.918130217,-0.166730425,0.051207761,-0.123229312
MA1386.1,HHO3,16,21,0.001088027,0.889231385,65,0.001453033,1.187547314,278,0.001193773,0.975657139,-0.169369226,0.247984994,-0.035553843
MA1270.1,AT3G45610,9,69,0.003574944,0.888154672,180,0.004023785,0.9996641,805,0.00345679,0.858800596,-0.171117151,-0.000484683,-0.219604902
MA1262.1,ERF2,11,96,0.004973836,0.888007501,195,0.0043591,0.778255305,1064,0.004568975,0.815725375,-0.171356232,-0.361684589,-0.293844564
MA1680.1,RVE7,4,21,0.001088027,0.887023489,67,0.001497742,1.221047913,346,0.001485776,1.211292051,-0.172955786,0.288119812,0.276546751
UN0079.1,AT1G14600,33,15,0.000777162,0.884318557,39,0.00087182,0.992028533,182,0.000781535,0.889294917,-0.177361931,-0.011546478,-0.169266155
MA1183.1,RVE6,4,20,0.001036216,0.879996473,65,0.001453033,1.233975025,330,0.001417069,1.203432729,-0.184430353,0.303313195,0.267155498
MA1383.1,KAN2,16,16,0.000828973,0.879061614,55,0.00122949,1.303779357,238,0.001022008,1.083760289,-0.185963807,0.382699738,0.11604569
MA1413.1,UIF1,16,25,0.00129527,0.878806021,59,0.001318907,0.894843533,289,0.001241009,0.841991681,-0.186383341,-0.160292652,-0.248122116
MA1354.1,AT4G12670,26,34,0.001761567,0.878642039,113,0.002526043,1.259950787,405,0.00173913,0.86745115,-0.186652567,0.333367384,-0.205145579
MA1414.1,E2FA,38,18,0.000932594,0.87728088,50,0.001117718,1.051424859,253,0.00108642,1.021982886,-0.188889269,0.07234575,0.031371037
MA1382.1,FAR1,31,21,0.001088027,0.873992668,61,0.001363616,1.095368902,325,0.001395598,1.121059849,-0.194306918,0.131416827,0.1648633
MA1379.1,SOL1,22,38,0.00196881,0.873257989,72,0.001609514,0.713893692,488,0.002095545,0.929470768,-0.195520159,-0.486218841,-0.105518602
MA1239.1,ERF104,11,86,0.004455728,0.872589013,186,0.004157911,0.814266018,942,0.004045089,0.792171356,-0.196625786,-0.2964279,-0.336115559
MA1263.1,AT1G36060,13,39,0.002020621,0.870235947,91,0.002034247,0.87610444,476,0.002044015,0.880311362,-0.200521483,-0.190825232,-0.183914206
MA1059.1,SPL5,21,11,0.000569919,0.869504018,25,0.000558859,0.852630755,183,0.000785829,1.198910988,-0.201735401,-0.230007,0.261724551
MA1063.1,TCP19,3,28,0.001450702,0.869149531,75,0.001676577,1.004476567,473,0.002031133,1.216899051,-0.202323691,0.006443908,0.283209493
MA1304.1,WRKY59,5,27,0.001398891,0.86898208,80,0.001788349,1.110910625,430,0.001846484,1.147023867,-0.202601669,0.151742754,0.197895411
MA0571.1,ANT,32,19,0.000984405,0.868672215,65,0.001453033,1.282205878,243,0.001043478,0.920800499,-0.203116202,0.358627928,-0.11903948
MA1402.1,BPC6,28,195,0.010103103,0.867634261,537,0.012004292,1.030904523,2295,0.009855072,0.846333856,-0.204841072,0.043910724,-0.240701215
MA1017.1,GATA8,12,23,0.001191648,0.866801626,64,0.001430679,1.04067215,269,0.001155126,0.84023565,-0.206226235,0.057515638,-0.251134096
MA1256.1,RAP212,11,62,0.003212269,0.866580477,136,0.003040193,0.820159268,743,0.003190553,0.860722127,-0.20659436,-0.286023999,-0.216380538
MA1313.1,WRKY7,5,29,0.001502513,0.864617049,86,0.001922475,1.106283221,491,0.002108427,1.213288921,-0.209866811,0.145720779,0.278923141
MA0548.2,AGL15,23,27,0.001398891,0.860478967,81,0.001810703,1.11379071,329,0.001412775,0.869019128,-0.216788167,0.155478164,-0.202540162
MA1288.1,At1g72010,3,26,0.00134708,0.858120653,76,0.001698931,1.08225768,448,0.001923779,1.225490541,-0.220747588,0.114044038,0.293359349
MA1428.1,TCP8,3,27,0.001398891,0.857570348,76,0.001698931,1.041505726,486,0.002086957,1.27937896,-0.221673072,0.058670771,0.355443663
MA1388.1,AT3G24120,16,20,0.001036216,0.854299624,60,0.001341262,1.105792264,293,0.001258186,1.037300967,-0.227185947,0.145080384,0.052834545
MA1219.1,CEJ1,13,59,0.003056836,0.85201669,124,0.002771941,0.772609161,695,0.002984434,0.831836242,-0.231046403,-0.372189311,-0.265628552
MA1230.1,ERF037,13,27,0.001398891,0.851746807,58,0.001296553,0.789435807,377,0.001618894,0.985700651,-0.231503461,-0.341106137,-0.020778516
MA1343.1,bZIP52,39,16,0.000828973,0.851141924,43,0.000961238,0.98694405,233,0.001000537,1.027294266,-0.23252838,-0.018959794,0.038849497
MA1231.1,ERF15,11,68,0.003523134,0.848422848,132,0.002950776,0.710590589,796,0.003418143,0.82313952,-0.237144622,-0.492909513,-0.28079111
MA0121.1,ARR10,16,16,0.000828973,0.848035059,33,0.000737694,0.754657412,192,0.000824477,0.843435732,-0.237804186,-0.406106235,-0.245649952
MA1211.1,ATHB18,14,16,0.000828973,0.847777133,46,0.001028301,1.05162675,249,0.001069243,1.093498031,-0.238243042,0.072622745,0.128950623
MA1013.1,GATA10,12,13,0.00067354,0.847582906,35,0.000782403,0.98457535,138,0.000592593,0.745718412,-0.238573603,-0.022426474,-0.423297132
MA1237.1,AT4G16750,13,48,0.002486918,0.847084632,100,0.002235436,0.761425895,615,0.002640902,0.899534085,-0.239421979,-0.39322446,-0.152750146
MA1404.1,BPC1,28,279,0.01445521,0.844539144,738,0.016497519,0.963860138,3410,0.014643049,0.855513569,-0.243763802,-0.053104277,-0.225137358
MA1673.1,LBD18,7,31,0.001606134,0.843931909,85,0.001900121,0.998404931,385,0.001653247,0.868687128,-0.244801492,-0.002303035,-0.203091435
MA1310.1,WRKY42,5,24,0.001243459,0.841082096,64,0.001430679,0.967718843,442,0.001898014,1.283826567,-0.24968147,-0.047340141,0.360450321
MA1000.2,ERF105,11,68,0.003523134,0.836042853,143,0.003196674,0.758573629,808,0.003469673,0.823356521,-0.258351203,-0.398638876,-0.280410829
MA1365.1,MNJ7.25,25,20,0.001036216,0.835249869,40,0.000894174,0.72075637,247,0.001060655,0.854949213,-0.259720244,-0.472416413,-0.226089374
MA0945.1,ARR1,16,18,0.000932594,0.835114511,53,0.001184781,1.060941583,237,0.001017713,0.911336603,-0.259954061,0.085345222,-0.133944082
MA1184.1,RVE1,4,20,0.001036216,0.835015625,74,0.001654223,1.333025336,365,0.001567364,1.263032175,-0.260124901,0.414704201,0.336891391
MA1189.1,AT5G61620,24,18,0.000932594,0.832399611,63,0.001408325,1.257019428,306,0.00131401,1.1728372,-0.264651804,0.330006948,0.230002769
MA0984.1,DOF5.7,15,22,0.001139837,0.830738302,84,0.001877766,1.368557084,238,0.001022008,0.744861373,-0.267534022,0.452655612,-0.424956146
MA1233.2,ERF021,13,43,0.002227864,0.829349466,92,0.002056601,0.765594876,586,0.002516371,0.936749937,-0.269947951,-0.385346921,-0.094264119
MA1056.1,SPL11,21,12,0.000621729,0.82815927,33,0.000737694,0.982626877,221,0.000949007,1.264101184,-0.272019844,-0.025284394,0.338111948
MA1005.2,ERF3,1,55,0.002849593,0.827542618,117,0.00261546,0.759548689,665,0.002855609,0.829289693,-0.273094483,-0.396785647,-0.270051933
MA1232.1,AT4G28140,11,63,0.00326408,0.826487286,150,0.003353154,0.849041589,817,0.00350832,0.888330609,-0.274935468,-0.236092871,-0.170831392
MA1066.1,TCP23,3,26,0.00134708,0.825835509,77,0.001721286,1.055244281,466,0.002001074,1.226769766,-0.276073643,0.07757701,0.294864517
MA1366.1,AT1G76880,25,22,0.001139837,0.825158123,55,0.00122949,0.890059962,248,0.001064949,0.770944514,-0.277257489,-0.168025563,-0.375301064
MA1216.1,RAP21,13,37,0.001916999,0.824824165,85,0.001900121,0.81756192,491,0.002108427,0.90718965,-0.277841495,-0.290600094,-0.140523914
MA1238.2,ERF38,13,31,0.001606134,0.818231948,81,0.001810703,0.922447876,453,0.00194525,0.990991396,-0.289418226,-0.116460703,-0.013055563
MA1088.1,WRKY48,5,22,0.001139837,0.815383127,62,0.00138597,0.99145454,410,0.001760601,1.259446833,-0.294449992,-0.012381471,0.332790221
MA1357.1,bHLH80,29,26,0.00134708,0.815348696,69,0.001542451,0.933600769,432,0.001855072,1.122821506,-0.294510914,-0.099122346,0.167128602
MA1258.1,DREB2,13,35,0.001813378,0.815263906,77,0.001721286,0.773861023,486,0.002086957,0.938260391,-0.294660951,-0.369853598,-0.091939732
MA0587.1,TCP16,3,26,0.00134708,0.812711602,76,0.001698931,1.024988,428,0.001837896,1.108827079,-0.299184605,0.03560702,0.149034396
MA1401.1,EPR1,4,19,0.000984405,0.811652673,70,0.001564805,1.290199116,336,0.001442834,1.189632561,-0.301065602,0.367593733,0.250516041
MA1076.1,WRKY15,5,23,0.001191648,0.811325283,70,0.001564805,1.06538675,415,0.001782072,1.21331122,-0.301647648,0.091377244,0.278949656
MA0986.1,DREB2C,13,27,0.001398891,0.808762904,70,0.001564805,0.904685388,394,0.001691895,0.978161631,-0.306211269,-0.144511925,-0.03185522
MA1299.1,WRKY17,5,29,0.001502513,0.806971528,85,0.001900121,1.020519288,496,0.002129898,1.143928377,-0.309410322,0.02930345,0.193996726
MA1238.1,ERF38,13,33,0.001709756,0.806790891,72,0.001609514,0.759489231,435,0.001867955,0.881440997,-0.309733299,-0.396898586,-0.182064095
MA1227.1,ERF027,11,38,0.00196881,0.806022691,91,0.002034247,0.83281232,541,0.002323135,0.951081818,-0.311107641,-0.263936684,-0.072358639
MA1300.1,WRKY6,5,24,0.001243459,0.802003748,70,0.001564805,1.009265141,428,0.001837896,1.185402579,-0.318319116,0.01330523,0.245377101
MA1085.1,WRKY40,5,20,0.001036216,0.801798672,59,0.001318907,1.020538577,327,0.001404187,1.086525773,-0.318688067,0.029330718,0.119722396
MA1273.1,dof4.2,9,63,0.00326408,0.801414544,178,0.003979076,0.976964425,870,0.00373591,0.917260867,-0.319379403,-0.033622066,-0.124596003
MA0939.1,NAC080,2,10,0.000518108,0.801004803,40,0.000894174,1.382411025,178,0.000764359,1.181713142,-0.320117202,0.467186628,0.240879867
MA1212.1,ATHB13,14,16,0.000828973,0.798720208,62,0.00138597,1.335391036,267,0.001146538,1.104696286,-0.32423788,0.417262261,0.143649784
MA1311.1,WRKY28,5,26,0.00134708,0.798407959,83,0.001855412,1.099693554,460,0.001975309,1.170755709,-0.324801993,0.137101551,0.227440073
MA1306.1,WRKY11,5,25,0.00129527,0.796902537,80,0.001788349,1.100264916,482,0.00206978,1.273412714,-0.327524805,0.13785093,0.348700074
MA1075.1,WRKY12,5,21,0.001088027,0.795980141,61,0.001363616,0.997596347,389,0.001670424,1.222051425,-0.329195658,-0.003471913,0.289304996
MA1671.1,ERF118,1,45,0.002331485,0.795602946,111,0.002481334,0.846737755,607,0.002606549,0.889466309,-0.329879477,-0.240012876,-0.168988134
MA1002.1,ERF112,1,35,0.001813378,0.795418058,96,0.002146019,0.941327427,450,0.001932367,0.847611536,-0.33021478,-0.087231464,-0.238524872
MA1312.1,WRKY47,5,23,0.001191648,0.795278243,77,0.001721286,1.148746147,407,0.001747719,1.166386857,-0.330468392,0.200060023,0.222046368
UN0363.1,ERF003,11,72,0.003730377,0.791537134,171,0.003822596,0.811104826,868,0.003727322,0.790888873,-0.337271061,-0.302039717,-0.338453098
UN0080.1,PHL3,16,18,0.000932594,0.79127522,55,0.00122949,1.043181381,282,0.00121095,1.027450981,-0.337748517,0.060990025,0.039069566
MA0992.2,ERF4,1,41,0.002124242,0.789439444,89,0.001989538,0.739378894,537,0.002305958,0.856971135,-0.34109949,-0.435614233,-0.222681483
MA1315.1,WRKY24,5,25,0.00129527,0.788955986,78,0.00174364,1.062060964,423,0.001816425,1.106394675,-0.341983277,0.086866582,0.145866118
MA1182.1,At3g09600,4,19,0.000984405,0.78861112,69,0.001542451,1.235664198,368,0.001580247,1.265942724,-0.342614041,0.305286732,0.340212133
MA1406.1,ATHB4,14,14,0.000725351,0.788093964,42,0.000938883,1.020096678,221,0.000949007,1.03109619,-0.343560443,0.028705888,0.044178927
MA1062.1,TCP15,3,24,0.001243459,0.787683666,70,0.001564805,0.991244329,471,0.002022544,1.281204479,-0.344311736,-0.012687388,0.357500747
MA1403.1,BPC5,28,219,0.011346562,0.786026835,625,0.013971476,0.967866266,2781,0.011942029,0.827277457,-0.347349528,-0.047120377,-0.273556825
MA1067.1,TCP5,3,21,0.001088027,0.785630622,55,0.00122949,0.887776971,352,0.001511541,1.091437106,-0.348076931,-0.171730809,0.126228998
MA0996.1,ERF043,13,21,0.001088027,0.78534002,45,0.001005946,0.726094296,322,0.001382716,0.998047587,-0.348610678,-0.461771175,-0.00281949
MA1679.1,RAP2-1,13,34,0.001761567,0.785216934,81,0.001810703,0.807119493,508,0.002181428,0.97236965,-0.348836809,-0.309145816,-0.040423231
MA0942.1,ARF1,13,18,0.000932594,0.784452772,49,0.001095364,0.921366578,271,0.001163714,0.978859884,-0.350241503,-0.118152829,-0.030825731
MA0935.1,NAC025,2,10,0.000518108,0.783934726,31,0.000692985,1.048536793,238,0.001022008,1.546371379,-0.351194561,0.068377486,0.628886841
MA1190.1,RVE5,4,22,0.001139837,0.78311028,73,0.001631868,1.12115377,374,0.001606012,1.103389354,-0.352712608,0.164984162,0.141941966
MA1301.1,WRKY33,5,25,0.00129527,0.781550776,81,0.001810703,1.092557458,443,0.001902308,1.14783076,-0.355588489,0.127709154,0.198909942
MA1185.1,LHY1,4,18,0.000932594,0.779991303,63,0.001408325,1.177876838,311,0.00133548,1.116952198,-0.358470057,0.236188695,0.159567444
MA1245.2,AT2G33710,1,51,0.00264235,0.779173538,121,0.002704878,0.797611609,667,0.002864198,0.844591673,-0.359983413,-0.326241687,-0.243674072
MA1252.1,PUCHI,11,62,0.003212269,0.776636328,146,0.003263737,0.789079835,774,0.003323671,0.803570371,-0.364688902,-0.341756823,-0.315503724
MA1247.1,ERF087,11,59,0.003056836,0.77633185,138,0.003084902,0.783459509,743,0.003190553,0.81029125,-0.365254618,-0.35206938,-0.303487533
MA1368.2,GT-4,37,15,0.000777162,0.770081712,57,0.001274199,1.262590403,200,0.00085883,0.85100574,-0.376916559,0.33638669,-0.232759232
MA1259.1,AT1G01250,13,30,0.001554324,0.769322808,72,0.001609514,0.796639666,428,0.001837896,0.909678782,-0.378339015,-0.328000779,-0.136570892
MA0981.1,DOF1.8,15,19,0.000984405,0.768775334,65,0.001453033,1.134752828,267,0.001146538,0.89539372,-0.379366047,0.182378084,-0.159405895
MA1071.1,DOF5.3,15,20,0.001036216,0.768432953,42,0.000938883,0.696253438,223,0.000957595,0.710129887,-0.380008707,-0.522315549,-0.493845169
MA1001.2,ERF11,1,40,0.002072431,0.767095716,90,0.002011893,0.744687652,535,0.00229737,0.850355042,-0.382521491,-0.425292659,-0.233862771
MA1260.1,AT1G77640,13,52,0.002694161,0.764880781,137,0.003062548,0.869466892,702,0.003014493,0.855823997,-0.386693197,-0.201797002,-0.224613963
MA0993.1,ERF7,1,30,0.001554324,0.762864605,90,0.002011893,0.987440185,429,0.00184219,0.904149914,-0.390501068,-0.018234737,-0.145366094
MA1081.1,WRKY25,5,15,0.000777162,0.760839747,48,0.001073009,1.050473855,288,0.001236715,1.210741319,-0.394335479,0.071040256,0.275890659
MA1084.1,WRKY38,5,18,0.000932594,0.760757386,66,0.001475388,1.203537663,389,0.001670424,1.362637123,-0.394491659,0.26728129,0.446401416
MA1161.1,TSO1,22,32,0.001657945,0.758227185,79,0.001765995,0.807641342,470,0.00201825,0.923005255,-0.399297912,-0.308213333,-0.115589233
MA0110.2,ATHB-5,14,15,0.000777162,0.754873981,60,0.001341262,1.302796325,284,0.001219538,1.184563864,-0.405692275,0.381611555,0.244355981
MA1078.1,WRKY2,5,19,0.000984405,0.754743848,57,0.001274199,0.976928802,344,0.001477187,1.132560383,-0.405941003,-0.033674672,0.17958797
MA1396.1,GATA6,12,15,0.000777162,0.752835471,50,0.001117718,1.082731809,224,0.000961889,0.931780839,-0.40959349,0.114675934,-0.101937431
MA1303.1,WRKY22,5,23,0.001191648,0.751825873,74,0.001654223,1.043670067,462,0.001983897,1.251665695,-0.41152953,0.061665708,0.323849287
MA1309.1,WRKY3,5,24,0.001243459,0.751418685,79,0.001765995,1.067185503,455,0.001953838,1.180698708,-0.412311104,0.093810974,0.239640863
MA1201.1,AGL42,19,18,0.000932594,0.750786694,58,0.001296553,1.043792406,218,0.000936125,0.75362882,-0.413525013,0.061834811,-0.408073958
MA1079.1,WRKY21,5,20,0.001036216,0.748291591,65,0.001453033,1.049291858,423,0.001816425,1.311711057,-0.418327532,0.069416016,0.391449959
MA1295.1,WRKY20,5,24,0.001243459,0.747470044,71,0.00158716,0.954076011,451,0.001936661,1.164169012,-0.419912333,-0.067823885,0.219300521
MA1324.1,GATA20,12,18,0.000932594,0.744911916,49,0.001095364,0.874924491,267,0.001146538,0.91579996,-0.424858254,-0.192769582,-0.126895593
MA1290.1,TCP17,3,23,0.001191648,0.74457407,75,0.001676577,1.047570867,467,0.002005368,1.253008148,-0.42551272,0.067047844,0.325395796
MA1208.1,GT-2,25,17,0.000880783,0.743673894,40,0.000894174,0.754980411,214,0.000918948,0.775897461,-0.427257966,-0.405488883,-0.36606209
MA1248.1,DREB26,11,56,0.002901404,0.739469119,125,0.002794295,0.712170706,776,0.00333226,0.849279574,-0.435438195,-0.489705001,-0.235688543
MA0995.1,ERF039,13,27,0.001398891,0.738947684,77,0.001721286,0.909248787,433,0.001859367,0.982188324,-0.436455867,-0.137252999,-0.025928423
MA1006.1,ERF6,1,29,0.001502513,0.738797881,75,0.001676577,0.824386714,395,0.001696189,0.834030018,-0.436748366,-0.278606841,-0.261828786
MA1240.1,ERF10,11,70,0.003626755,0.736261366,177,0.003956722,0.803247376,895,0.003843264,0.780214379,-0.441710094,-0.316083732,-0.358057508
MA1087.1,WRKY45,5,18,0.000932594,0.735981562,72,0.001609514,1.270190918,378,0.001623188,1.280982428,-0.442258471,0.34504536,0.357250686
MA1236.1,ESE3,11,80,0.004144863,0.735022563,221,0.004940314,0.87608256,1061,0.004556092,0.807947257,-0.444139558,-0.190861262,-0.307666978
MA1245.1,AT2G33710,11,60,0.003108647,0.734496553,146,0.003263737,0.771140379,800,0.003435319,0.811681114,-0.445172375,-0.374934582,-0.301015049
MA1311.2,WRKY28,5,20,0.001036216,0.734349698,62,0.00138597,0.982215292,445,0.001910896,1.354222043,-0.445460855,-0.025888811,0.437464308
MA1083.1,WRKY30,5,19,0.000984405,0.732398384,60,0.001341262,0.997900187,423,0.001816425,1.351422317,-0.449299487,-0.003032575,0.434478585
MA1223.1,ERF035,13,19,0.000984405,0.730594735,52,0.001162427,0.862717005,315,0.001352657,1.003899953,-0.452856738,-0.213040702,0.0056155
MA1166.1,PHL12,16,17,0.000880783,0.730158127,61,0.001363616,1.130420213,276,0.001185185,0.982503321,-0.453719159,0.176859168,-0.025465811
MA1064.1,TCP2,3,20,0.001036216,0.72851389,62,0.00138597,0.974409721,482,0.00206978,1.455163599,-0.456971616,-0.037399569,0.541181359
UN0352.1,ASIL2,7,41,0.002124242,0.728467333,131,0.002928421,1.004244813,519,0.002228663,0.764276533,-0.457063817,0.00611101,-0.387833362
MA1329.2,ZHD1,27,18,0.000932594,0.726875309,61,0.001363616,1.062819035,289,0.001241009,0.967257703,-0.460220195,0.087895972,-0.048027782
MA1089.1,WRKY57,5,21,0.001088027,0.726570227,74,0.001654223,1.10466883,451,0.001936661,1.293277696,-0.460825846,0.143613927,0.371032088
MA1314.1,WRKY14,5,22,0.001139837,0.725599634,74,0.001654223,1.053048009,463,0.001988191,1.265646166,-0.462754367,0.074571211,0.33987413
MA1298.1,WRKY29,5,22,0.001139837,0.722887515,73,0.001631868,1.034934776,443,0.001902308,1.20644829,-0.468156921,0.049539849,0.270766081
MA1353.1,AT1G72740,26,29,0.001502513,0.722800082,99,0.002213082,1.064626978,356,0.001528717,0.735405944,-0.468331425,0.09034803,-0.443387258
MA1665.1,HSFB2A,30,20,0.001036216,0.721178283,60,0.001341262,0.933482053,358,0.001537305,1.069923223,-0.471572142,-0.099305809,0.097507273
MA1307.1,WRKY31,5,21,0.001088027,0.718304437,73,0.001631868,1.077343491,430,0.001846484,1.219030728,-0.477332668,0.1074783,0.285734492
MA1077.1,WRKY18,5,20,0.001036216,0.717503907,65,0.001453033,1.00611983,377,0.001618894,1.120966329,-0.478941407,0.008802142,0.164742944
UN0369.1,NAC004,17,18,0.000932594,0.717445083,69,0.001542451,1.186608149,290,0.001245303,0.958012332,-0.47905969,0.246843596,-0.061883868
MA1250.1,AT1G75490,13,62,0.003212269,0.717106166,156,0.00348728,0.778499688,871,0.003740204,0.834962297,-0.479741372,-0.361231634,-0.260217041
UN0354.1,AT3G42860,5,20,0.001036216,0.716268216,68,0.001520097,1.050743409,428,0.001837896,1.270417292,-0.48142817,0.071410407,0.345302455
MA1221.1,RAP26,11,58,0.003005026,0.712643683,150,0.003353154,0.795202584,792,0.003400966,0.806541225,-0.488747176,-0.33060565,-0.310179819
MA0005.1,AG,23,19,0.000984405,0.71199469,66,0.001475388,1.067109943,286,0.001228127,0.888272322,-0.490061613,0.093708823,-0.170926056
MA1233.1,ERF021,11,107,0.005543754,0.709340521,264,0.005901551,0.755121778,1437,0.006170692,0.789559208,-0.495449731,-0.405218769,-0.340880639
MA1355.1,TBP3,26,21,0.001088027,0.708346781,86,0.001922475,1.251604623,285,0.001223833,0.796761669,-0.49747227,0.323778893,-0.327779852
MA1246.1,LEP,11,81,0.004196674,0.708026935,228,0.005096794,0.859887598,1132,0.004860977,0.82010249,-0.49812385,-0.217780008,-0.286123877
MA0990.1,EDT1,20,9,0.000466297,0.706688995,26,0.000581213,0.880848551,154,0.000661299,1.002220963,-0.500852652,-0.183034105,0.003200619
MA1167.1,EFM,16,12,0.000621729,0.705945785,61,0.001363616,1.548324607,225,0.000966184,1.097057939,-0.502370703,0.630707965,0.133639721
MA1035.1,TCP4,3,20,0.001036216,0.701881321,56,0.001251844,0.847937405,379,0.001627483,1.102376234,-0.510700985,-0.237970326,0.140616691
MA1085.2,WRKY40,5,22,0.001139837,0.701432208,84,0.001877766,1.155538411,427,0.001833602,1.128360412,-0.511624418,0.208565217,0.174227956
MA1264.1,ESE1,11,60,0.003108647,0.695297355,153,0.003420217,0.764984851,858,0.00368438,0.824068963,-0.524297994,-0.386496916,-0.279163019
MA0975.1,CRF2,1,24,0.001243459,0.694300266,82,0.001833058,1.023509834,376,0.0016146,0.901531442,-0.526368371,0.033524964,-0.149550287
UN0347.1,ANAC075,17,23,0.001191648,0.693021054,110,0.00245898,1.430057023,397,0.001704777,0.991439099,-0.529028913,0.516072675,-0.01240394
MA1242.1,AT3G57600,1,47,0.002435107,0.69236973,118,0.002637815,0.750005242,695,0.002984434,0.848558839,-0.530385443,-0.415027416,-0.236913395
MA1296.1,WRKY46,5,22,0.001139837,0.69027901,88,0.001967184,1.191315345,468,0.002009662,1.217039804,-0.534748479,0.25255535,0.283376353
MA1001.1,ERF11,1,29,0.001502513,0.689228781,87,0.001944829,0.89212711,452,0.001940955,0.890350044,-0.536945148,-0.164678815,-0.167555447
MA1257.1,ERF9,11,90,0.004662971,0.688930091,252,0.005633299,0.832291123,1272,0.005462158,0.807005879,-0.537570502,-0.264839845,-0.309348911
UN0353.1,AT3G11100,7,39,0.002020621,0.687237288,115,0.002570752,0.874343379,561,0.002409018,0.819335764,-0.541119779,-0.193728117,-0.287473305
MA1004.1,ERF13,1,23,0.001191648,0.687042221,59,0.001318907,0.760413257,387,0.001661836,0.958127926,-0.541529335,-0.395144411,-0.061709802
MA1244.1,ABR1,11,53,0.002745972,0.685180567,159,0.003554343,0.886887164,816,0.003504026,0.87433179,-0.54544386,-0.173177528,-0.19374724
MA1187.1,LCL1,4,17,0.000880783,0.684147492,64,0.001430679,1.11127839,288,0.001236715,0.960616956,-0.547620713,0.152220276,-0.057966821
MA0992.1,ERF4,1,28,0.001450702,0.683557587,76,0.001698931,0.800521032,438,0.001880837,0.886233434,-0.548865211,-0.320988788,-0.17424134
UN0356.1,AT5G05550,7,40,0.002072431,0.683150447,138,0.003084902,1.016898319,533,0.002288782,0.754467467,-0.549724763,0.024175429,-0.406469402
MA1286.1,TCP24,3,23,0.001191648,0.675957525,69,0.001542451,0.874949,473,0.002031133,1.152151673,-0.5649955,-0.192729169,0.20433065
MA0979.1,ERF008,1,28,0.001450702,0.675741159,88,0.001967184,0.916319842,449,0.001928073,0.89810192,-0.565457363,-0.126076835,-0.155048918
MA1222.1,AT1G44830,13,54,0.002797782,0.670670918,144,0.003219028,0.771649864,808,0.003469673,0.831733164,-0.57632305,-0.373981722,-0.265807337
MA1070.1,TGA7,19,14,0.000725351,0.669592306,55,0.00122949,1.134977326,340,0.001460011,1.347777738,-0.578645144,0.182663476,0.430582601
MA1045.1,NAC043,2,6,0.000310865,0.669556128,28,0.000625922,1.348142647,116,0.000498121,1.072878817,-0.578723095,0.430973156,0.101487131
MA1225.1,ERF5,11,74,0.003833998,0.669385688,203,0.004537935,0.792287525,1053,0.004521739,0.789459793,-0.57909039,-0.335904009,-0.341062303
MA1389.1,PHL1,16,12,0.000621729,0.667251401,53,0.001184781,1.271528782,215,0.000923242,0.990840275,-0.583697665,0.346564119,-0.013275583
MA0005.2,AG,23,15,0.000777162,0.665076434,57,0.001274199,1.0904286,250,0.001073537,0.91870748,-0.588407943,0.124895307,-0.12232252
MA1328.1,ATHB34,27,15,0.000777162,0.663929597,58,0.001296553,1.107645637,237,0.001017713,0.869432878,-0.590897828,0.147496402,-0.201853442
MA1094.1,WRKY8,5,19,0.000984405,0.662905786,69,0.001542451,1.038698195,416,0.001786366,1.202952509,-0.59312425,0.054776524,0.266579688
MA0999.1,ERF098,1,27,0.001398891,0.661035617,80,0.001788349,0.845070926,427,0.001833602,0.866454804,-0.597200088,-0.242855664,-0.206803597
MA1065.1,TCP20,3,22,0.001139837,0.660200137,72,0.001609514,0.932239506,480,0.002061192,1.1938537,-0.599024657,-0.101227443,0.255626053
MA1086.1,WRKY43,5,19,0.000984405,0.659930426,62,0.00138597,0.929133925,424,0.001820719,1.220583093,-0.59961416,-0.106041534,0.287570512
MA1265.2,ERF015,13,29,0.001502513,0.659610636,84,0.001877766,0.82434881,488,0.002095545,0.919954645,-0.600313433,-0.278673175,-0.120365359
MA1302.1,WRKY65,5,18,0.000932594,0.651816302,69,0.001542451,1.078062354,440,0.001889426,1.320572752,-0.61746266,0.108440624,0.401163784
MA1255.1,AT1G22810,11,61,0.003160458,0.65155754,193,0.004314392,0.889451611,928,0.00398497,0.821538383,-0.618035504,-0.169011974,-0.283600114
MA1213.1,ZHD3,14,14,0.000725351,0.649251715,62,0.00138597,1.240563035,277,0.001189479,1.064686584,-0.623150175,0.310995043,0.090428801
MA1168.1,MYR2,16,15,0.000777162,0.648659835,57,0.001274199,1.063512702,271,0.001163714,0.971296853,-0.624465985,0.088837264,-0.042015808
MA0997.1,ERF069,1,27,0.001398891,0.648166477,93,0.002078956,0.96326954,447,0.001919485,0.889379813,-0.625563688,-0.053988549,-0.169128436
MA1080.1,WRKY23,5,17,0.000880783,0.642563952,63,0.001408325,1.027424844,337,0.001447128,1.055733445,-0.638088047,0.039032865,0.078245624
MA1305.1,WRKY55,5,18,0.000932594,0.637754658,63,0.001408325,0.963083098,431,0.001850778,1.265655024,-0.648926564,-0.054267811,0.339884227
MA1197.1,CAMTA1,31,12,0.000621729,0.634668327,22,0.000491796,0.502030771,270,0.00115942,1.183549118,-0.655925248,-0.994152301,0.24311958
MA0970.1,CMTA3,31,12,0.000621729,0.631707971,35,0.000782403,0.794959919,258,0.00110789,1.125671731,-0.662670318,-0.331045972,0.170786169
MA1016.1,GATA15,12,12,0.000621729,0.622947919,58,0.001296553,1.299093962,270,0.00115942,1.161692539,-0.682816542,0.377505783,0.216228286
MA1325.1,GATA14,12,12,0.000621729,0.621797185,38,0.000849466,0.849558285,219,0.000940419,0.940521143,-0.68548401,-0.235215166,-0.088467719
MA1163.1,PHL11,16,13,0.00067354,0.61744703,58,0.001296553,1.188574544,254,0.001090714,0.999878001,-0.69561272,0.249232388,-0.000176018
MA1090.1,WRKY60,5,18,0.000932594,0.616604328,72,0.001609514,1.064164183,431,0.001850778,1.223681169,-0.697583079,0.089720752,0.291227712
MA1051.1,RAP2-3,1,21,0.001088027,0.616128052,76,0.001698931,0.962071517,392,0.001683306,0.953223405,-0.698697873,-0.055783952,-0.06911372
MA1265.1,ERF015,13,32,0.001657945,0.613169641,91,0.002034247,0.752339969,529,0.002271605,0.840123785,-0.705641826,-0.410543358,-0.251326183
MA1322.1,SPL9,21,8,0.000414486,0.610960766,32,0.00071534,1.054424263,181,0.000777241,1.145668184,-0.710848357,0.076455473,0.196189262
MA0585.1,AGL1,23,14,0.000725351,0.609909967,54,0.001207136,1.015017505,248,0.001064949,0.895460264,-0.713331803,0.021504608,-0.159298681
MA0982.1,DOF2.4,15,9,0.000466297,0.597821265,35,0.000782403,1.003087853,124,0.000532475,0.682664749,-0.742213879,0.004447966,-0.550750838
MA0994.1,ERF8,1,24,0.001243459,0.596025409,81,0.001810703,0.867921863,416,0.001786366,0.856256351,-0.74655426,-0.204362929,-0.223885311
MA0980.1,RAP2-10,1,24,0.001243459,0.594352828,89,0.001989538,0.950966407,405,0.00173913,0.831275647,-0.750608477,-0.072533716,-0.266601148
MA1323.1,GATA19,12,17,0.000880783,0.592499384,59,0.001318907,0.88722357,297,0.001275362,0.857931026,-0.755114441,-0.172630402,-0.221066429
MA0976.1,CRF4,1,22,0.001139837,0.590139691,85,0.001900121,0.983769032,407,0.001747719,0.904864388,-0.760871602,-0.023608454,-0.144226503
MA1093.1,WRKY75,5,15,0.000777162,0.586699079,55,0.00122949,0.928172964,362,0.001554482,1.173517744,-0.769307368,-0.10753442,0.230839656
MA1308.1,WRKY70,5,15,0.000777162,0.569516937,69,0.001542451,1.13033338,440,0.001889426,1.384602159,-0.812189348,0.176748343,0.469471503
MA1226.1,AT5G18450,11,49,0.002538729,0.567595216,149,0.0033308,0.744682232,857,0.003680086,0.822773718,-0.817065665,-0.425303159,-0.281432385
MA0110.1,ATHB-5,14,11,0.000569919,0.555401826,40,0.000894174,0.871398257,210,0.000901771,0.878801634,-0.848396175,-0.198595867,-0.186390543
MA1053.1,ERF109,1,19,0.000984405,0.523429493,85,0.001900121,1.01033545,402,0.001726248,0.917883545,-0.933932879,0.014834374,-0.123616969
MA0969.1,CMTA2,31,9,0.000466297,0.519589011,35,0.000782403,0.87182149,228,0.000979066,1.090961031,-0.944557176,-0.197895329,0.12559957
MA1020.1,GT-1,36,10,0.000518108,0.506726728,40,0.000894174,0.874532354,178,0.000764359,0.747568094,-0.980720167,-0.193416336,-0.419723098
MA1028.1,KAN4,16,5,0.000259054,0.500219902,27,0.000603568,1.165458474,128,0.000549651,1.061348168,-0.999365636,0.220897601,0.085898
MA1327.1,ATHB23,27,15,0.000777162,0.495919208,70,0.001564805,0.998526943,316,0.001356951,0.865891938,-1.01182299,-0.002126739,-0.207741105
MA1091.1,WRKY62,5,11,0.000569919,0.483587173,49,0.001095364,0.929437616,326,0.001399893,1.187836403,-1.048152117,-0.10557006,0.248336152
MA1005.1,ERF3,1,21,0.001088027,0.473335054,73,0.001631868,0.709928009,461,0.001979603,0.861206387,-1.079066326,-0.494255361,-0.215569076
MA1384.1,PHL7,16,8,0.000414486,0.461477008,52,0.001162427,1.294212237,198,0.000850242,0.946634251,-1.115669324,0.372074223,-0.079120972
MA1426.1,MYB124,31,9,0.000466297,0.440847715,41,0.000916529,0.866506886,229,0.00098336,0.929690749,-1.181647713,-0.206716881,-0.105177195
MA1052.1,RAP2-6,1,16,0.000828973,0.388909845,93,0.002078956,0.975335384,429,0.00184219,0.864257565,-1.362492339,-0.036029698,-0.210466768
MA0937.1,NAC055,2,4,0.000207243,0.287091953,36,0.000804757,1.114822195,203,0.000871712,1.20757471,-1.800415202,0.15681363,0.272112448
MA1055.1,SPL1,21,2,0.000103622,0.166155701,25,0.000558859,0.896122407,136,0.000584004,0.936442471,-2.5893923,-0.158232282,-0.094737728
,,,19301,1,,44734,#DIV/0!,,232875,1,,,,